{"eval/mean_reward": -1148.9929078014184, "eval/std_reward": 1028.4212130440828, "eval/mean_length": 33.787234042553195, "eval/std_length": 22.09852487315245, "_timestamp": 1705273949.8007505, "_runtime": 6701.808783531189, "_step": 1, "_wandb": {"runtime": 7172}}