{"eval/mean_reward": 27.600846133381125, "eval/std_reward": 0.0, "eval/mean_length": 89.0, "eval/std_length": 0.0, "_timestamp": 1703175421.852357, "_runtime": 41.97971296310425, "_step": 0, "_wandb": {"runtime": 44}}