{"eval/mean_reward": -18.002105397502707, "eval/std_reward": 2.508642148031057, "eval/mean_length": 7.189410207383439, "eval/std_length": 0.4035942238606708, "_timestamp": 1704209281.4357138, "_runtime": 155653.87471079826, "_step": 23, "_wandb": {"runtime": 159137}}